	Product_title	sub_title	price	colors	product_link
0	Nike Sportswear	Men's Dri-FIT Top	MRP : â‚¹ 4 495	1 Colour	https://www.nike.com/in/t/sportswear-dri-fit-top-S7fNsX/DX3638-126
1	Nike Sportswear	Men's Dri-FIT Shorts	MRP : â‚¹ 3 295	1 Colour	https://www.nike.com/in/t/sportswear-dri-fit-shorts-lF9mJW/DX3651-126
2	Nike Sportswear Air	Men's French Terry Crew	MRP : â‚¹ 4 495	4 Colours	https://www.nike.com/in/t/sportswear-air-french-terry-crew-QWbgkk/DQ4206-217
3	Nike Sportswear Air	Men's French Terry Trousers	MRP : â‚¹ 4 495	4 Colours	https://www.nike.com/in/t/sportswear-air-french-terry-trousers-mktSJT/DQ4203-217
4	Nike ACG Therma-FIT 'Wolf Tree'	Men's Pullover Hoodie	MRP : â‚¹ 8 995	1 Colour	https://www.nike.com/in/t/acg-wolf-tree-pullover-hoodie-PBMmLd/DQ5780-087
5	Nike Dri-FIT ACG 'Goat Rocks'	Men's Long-Sleeve Top	MRP : â‚¹ 3 095	1 Colour	https://www.nike.com/in/t/dri-fit-acg-goat-rocks-long-sleeve-top-0x7vfF/DO9270-087
6	Nike Sportswear Premium Essentials	Men's T-Shirt	MRP : â‚¹ 2 495	6 Colours	https://www.nike.com/in/t/sportswear-essentials-t-shirt-K9vnhV/DO7393-010
7	Nike Pro Dri-FIT	Men's Shorts	MRP : â‚¹ 1 495	2 Colours	https://www.nike.com/in/t/pro-dri-fit-shorts-8jxLsr/DD1918-010
8	Nike ESC	Men's Lightweight Jacket	MRP : â‚¹ 26 995	1 Colour	https://www.nike.com/in/t/esc-lightweight-jacket-ZgMQFp/DN4094-010
9	Liverpool F.C. 2022/23 Match Home	Men's Nike Dri-FIT ADV Football Shirt	MRP : â‚¹ 7 995	1 Colour	https://www.nike.com/in/t/liverpool-fc-2022-23-match-home-dri-fit-adv-football-shirt-7SPRhx/DJ7647-609
10	Liverpool F.C. 2022/23 Stadium Home	Men's Nike Dri-FIT Football Shirt	MRP : â‚¹ 4 695	1 Colour	https://www.nike.com/in/t/liverpool-fc-2022-23-stadium-home-dri-fit-football-shirt-XhnBrv/DM1843-609
11	Nike Sportswear	Men's Unlined Utility Cargo Trousers	MRP : â‚¹ 3 695	3 Colours	https://www.nike.com/in/t/sportswear-unlined-utility-cargo-trousers-HR5W9B/DD5208-010
12	Nike Dri-FIT Miler	Men's Running Top	MRP : â‚¹ 1 695	3 Colours	https://www.nike.com/in/t/dri-fit-miler-running-top-gJH4Zt/CU5993-100
13	Nike Sportswear Club	Men's T-Shirt	MRP : â‚¹ 1 295	3 Colours	https://www.nike.com/in/t/sportswear-club-t-shirt-K8nM0q/AR4999-570
14	Nike Sportswear Tech Fleece	Men's Joggers	MRP : â‚¹ 5 495	1 Colour	https://www.nike.com/in/t/sportswear-tech-fleece-joggers-h1ntxv/CU4496-722
15	Nike Pro Dri-FIT	Men's Short-Sleeve Top	MRP : â‚¹ 1 995	6 Colours	https://www.nike.com/in/t/pro-dri-fit-short-sleeve-top-xrfWkz/CZ1182-492
16	Nike Dri-FIT Superset	Men's Short-Sleeve Training Top	MRP : â‚¹ 1 695	2 Colours	https://www.nike.com/in/t/dri-fit-superset-short-sleeve-training-top-hCQdMj/CZ1220-369
17	Jordan Flight Essentials	Men's Oversized T-Shirt	MRP : â‚¹ 2 495	1 Colour	https://www.nike.com/in/t/jordan-flight-essentials-oversized-t-shirt-C7XVkQ/DZ7313-010
18	Paris Saint-Germain	Men's Woven Jacket	MRP : â‚¹ 5 495	1 Colour	https://www.nike.com/in/t/paris-saint-germain-woven-jacket-2J62xG/DM3104-010
19	Jordan x J Balvin	Men's Crew	MRP : â‚¹ 5 995	1 Colour	https://www.nike.com/in/t/jordan-j-balvin-crew-55MbpG/DR3102-316
20	Nike Dri-FIT UV	Men's Slim-Fit Golf Chino Trousers	MRP : â‚¹ 3 995	1 Colour	https://www.nike.com/in/t/dri-fit-uv-slim-fit-golf-chino-trousers-plM88f/DA4131-451
21	Jordan Flight Heritage 85	Men's T-Shirt	MRP : â‚¹ 2 695	2 Colours	https://www.nike.com/in/t/jordan-flight-heritage-85-t-shirt-Z4Wgfb/DV3072-045
22	Giannis Nike Dri-FIT	Men's Basketball T-Shirt	MRP : â‚¹ 2 195	1 Colour	https://www.nike.com/in/t/giannis-dri-fit-basketball-t-shirt-vsZvm1/DR7646-010
23	Nike Dri-FIT Wild Run	Running T-Shirt	MRP : â‚¹ 1 795	2 Colours	https://www.nike.com/in/t/dri-fit-wild-run-running-t-shirt-BTcN2n/DM5436-455
24	Golden State Warriors Icon Edition 2022/23	Nike Dri-FIT NBA Swingman Jersey	MRP : â‚¹ 5 995	1 Colour	https://www.nike.com/in/t/golden-state-warriors-icon-edition-2022-23-dri-fit-nba-swingman-jersey-4WhBSn/DN2005-401
25	Nike Everyday Lightweight	Training Ankle Socks (3 Pairs)	MRP : â‚¹ 595	2 Colours	https://www.nike.com/in/t/everyday-lightweight-training-ankle-socks-ShtJfk/SX7677-100
26	Nike Yoga Dri-FIT	Men's Shorts	MRP : â‚¹ 2 995	1 Colour	https://www.nike.com/in/t/yoga-dri-fit-shorts-vbr4mK/CZ2236-070
27	Air Jordan Wordmark	Men's Fleece Hoodie	MRP : â‚¹ 5 695	4 Colours	https://www.nike.com/in/launch/r/DV6463-645
28	Nike Everyday Plus	Lightweight Ankle Split-Toe Socks	MRP : â‚¹ 1 095	1 Colour	https://www.nike.com/in/t/everyday-plus-lightweight-ankle-split-toe-socks-3w224x/DV9475-100
29	Nike Dri-FIT	Men's 23cm (approx.) Woven Training Shorts	MRP : â‚¹ 1 795	3 Colours	https://www.nike.com/in/t/dri-fit-woven-training-shorts-5f0FNk/DM6618-010
30	Nike	Men's 2-in-1 Shorts	MRP : â‚¹ 3 495	1 Colour	https://www.nike.com/in/t/2-in-1-shorts-ScqnT4/DC5321-010
31	Nike Dri-FIT Fleece	Men's Full-Zip Camo Fitness Hoodie	MRP : â‚¹ 3 995	1 Colour	https://www.nike.com/in/t/dri-fit-fleece-camo-fitness-hoodie-tVwCBs/DQ4791-010
32	Nike ACG "Insects"	Men's Long-Sleeve T-Shirt	MRP : â‚¹ 2 895	1 Colour	https://www.nike.com/in/t/acg-insects-long-sleeve-t-shirt-f0LDLr/DR7760-121
33	Nike Everyday Lightweight	Training Crew Socks (3 Pairs)	MRP : â‚¹ 595	2 Colours	https://www.nike.com/in/t/everyday-lightweight-training-crew-socks-Gvl3WS/SX7676-100
34	Jordan Flight Heritage	Men's Hoodie	MRP : â‚¹ 8 995	1 Colour	https://www.nike.com/in/t/jordan-flight-heritage-hoodie-8W9tmj/DV1595-045
35	Nigeria	Men's Nike Ignite T-Shirt	MRP : â‚¹ 2 195	1 Colour	https://www.nike.com/in/t/nigeria-ignite-t-shirt-h7gp0l/DM5656-302
36	Jordan Dri-FIT Zion	Men's Hoodie	MRP : â‚¹ 4 495	1 Colour	https://www.nike.com/in/t/jordan-dri-fit-zion-hoodie-Bmzc5H/DV5625-084
37	Nike Dri-FIT	Men's Basketball Shorts	MRP : â‚¹ 1 795	1 Colour	https://www.nike.com/in/t/dri-fit-basketball-shorts-R8xVVG/DH6764-886
38	Jordan Flight MVP 85	Men's Statement T-Shirt	MRP : â‚¹ 2 695	1 Colour	https://www.nike.com/in/t/jordan-flight-mvp-85-statement-t-shirt-gtppSt/DQ7362-010
39	Nike Forward Hoodie	Men's Hoodie	MRP : â‚¹ 8 995	2 Colours	https://www.nike.com/in/t/forward-hoodie-hoodie-qKbJFt/DX4303-077
40	Nike Dri-FIT Player	Men's Printed Golf Polo	MRP : â‚¹ 3 295	1 Colour	https://www.nike.com/in/t/dri-fit-player-printed-golf-polo-C06fcT/DH0646-370
41	Nike ACG PolartecÂ® 'Wolf Tree'	Men's Trousers	MRP : â‚¹ 7 495	1 Colour	https://www.nike.com/in/t/acg-polartec-wolf-tree-trousers-zVgVB1/CV0659-004
42	Nike Challenger	Men's Running Shorts	MRP : â‚¹ 1 595	1 Colour	https://www.nike.com/in/t/challenger-running-shorts-PZlXP2/CZ9069-010
43	Jordan Sport Dri-FIT	Men's Mesh Shorts	MRP : â‚¹ 1 795	2 Colours	https://www.nike.com/in/t/jordan-sport-dri-fit-mesh-shorts-DT6bNk/DH9077-010
44	Jordan x Two 18	Men's Hoodie	MRP : â‚¹ 5 995	1 Colour	https://www.nike.com/in/t/jordan-two-18-hoodie-kvD5DX/DV6960-258
45	Nike SB Kearny	Skate Cargo Trousers	MRP : â‚¹ 4 995	2 Colours	https://www.nike.com/in/t/sb-kearny-skate-cargo-trousers-5S7p6d/DQ6290-010
46	Jordan Dri-FIT Sport	Men's Full-Zip Hoodie	MRP : â‚¹ 5 495	2 Colours	https://www.nike.com/in/t/jordan-dri-fit-sport-hoodie-4xncvC/DQ7323-091
47	Jordan Brand Sorry	Men's T-Shirt	MRP : â‚¹ 1 795	2 Colours	https://www.nike.com/in/t/jordan-brand-sorry-t-shirt-dlWtwL/DQ7388-010
48	Jordan x Wordmark	Men's T-Shirt	MRP : â‚¹ 2 895	5 Colours	https://www.nike.com/in/t/jordan-wordmark-t-shirt-WDwh2Z/DV6465-411
49	Croatia 2022/23 Stadium Home	Men's Nike Dri-FIT Football Shirt	MRP : â‚¹ 4 695	1 Colour	https://www.nike.com/in/t/croatia-2022-23-stadium-home-dri-fit-football-shirt-JV9GpR/DN0684-100
50	Nike Dri-FIT Victory	Men's Slim-Fit Golf Polo	MRP : â‚¹ 2 295	3 Colours	https://www.nike.com/in/t/dri-fit-victory-slim-fit-golf-polo-nJtSCN/DH0827-451
51	Paris Saint-Germain 2022/23 Stadium Away	Men's Nike Dri-FIT Football Shirt	MRP : â‚¹ 4 695	1 Colour	https://www.nike.com/in/t/paris-saint-germain-2022-23-stadium-away-dri-fit-football-shirt-F9BhXm/DJ7682-078
52	Brazil Strike	Men's Nike Dri-FIT Knit Football Shorts	MRP : â‚¹ 2 495	1 Colour	https://www.nike.com/in/t/brazil-strike-dri-fit-knit-football-shorts-SfJd5K/DH6466-490
53	Paris Saint-Germain	Men's Woven Pants	MRP : â‚¹ 4 295	1 Colour	https://www.nike.com/in/t/paris-saint-germain-woven-pants-CDNrgB/DM3106-010
54	Brooklyn Nets Icon Edition 2022/23	Nike Dri-FIT NBA Swingman Jersey	MRP : â‚¹ 5 995	2 Colours	https://www.nike.com/in/t/brooklyn-nets-icon-edition-2022-23-dri-fit-nba-swingman-jersey-F1K2jL/DN1996-011
55	Jordan 23 Engineered	Men's Woven Trousers	MRP : â‚¹ 4 095	2 Colours	https://www.nike.com/in/t/jordan-23-engineered-woven-trousers-c2K82D/DQ8066-010
56	Nike Dri-FIT Standard Issue	Men's Reversible Basketball Jersey	MRP : â‚¹ 2 895	2 Colours	https://www.nike.com/in/t/dri-fit-standard-issue-reversible-basketball-jersey-fxsh1s/DQ5732-010
57	NikeCourt Dri-FIT	Men's Tennis Polo	MRP : â‚¹ 1 895	4 Colours	https://www.nike.com/in/t/nikecourt-dri-fit-tennis-polo-xQtSz0/DH0858-451
58	Nike Dri-FIT	Men's Golf Shorts	MRP : â‚¹ 3 295	1 Colour	https://www.nike.com/in/t/dri-fit-golf-shorts-QNrCtG/CU9741-003
59	Nike Solo Swoosh	Men's T-Shirt	MRP : â‚¹ 2 195	6 Colours	https://www.nike.com/in/t/solo-swoosh-t-shirt-2CFK7L/DA0321-441
60	Nike Dri-FIT Challenger	Men's Woven Running Trousers	MRP : â‚¹ 3 495	1 Colour	https://www.nike.com/in/t/dri-fit-challenger-woven-running-trousers-WlV1Nq/DD4895-010
61	Jordan Essentials	Men's Woven Shorts	MRP : â‚¹ 2 495	2 Colours	https://www.nike.com/in/t/jordan-essentials-woven-shorts-dkWZFk/DQ7354-010
62	Nike Multiplier	Running Ankle Socks (2 Pairs)	MRP : â‚¹ 895	2 Colours	https://www.nike.com/in/t/multiplier-running-ankle-socks-mLLjFH/SX7556-010
63	Nike Pro Dri-FIT	Men's Tight-Fit Long-Sleeve Top	MRP : â‚¹ 1 795	2 Colours	https://www.nike.com/in/t/pro-dri-fit-tight-fit-long-sleeve-top-6HR6qX/DD1991-010
64	Nike Dri-FIT Academy	Men's Knit Football Shorts	MRP : â‚¹ 995	3 Colours	https://www.nike.com/in/t/dri-fit-academy-knit-football-shorts-Tp19Bs/CW6108-010
65	Chelsea F.C. 2022/23 Stadium Away	Men's Nike Dri-FIT Football Shirt	MRP : â‚¹ 4 695	1 Colour	https://www.nike.com/in/t/chelsea-fc-2022-23-stadium-away-dri-fit-football-shirt-MtFLBB/DM1834-101
66	Nike Dri-FIT	Men's Woven Team Training Trousers	MRP : â‚¹ 2 795	2 Colours	https://www.nike.com/in/t/dri-fit-woven-team-training-trousers-92wzsp/DM6627-010
67	Brazil 2022/23 Stadium Away	Men's Nike Dri-FIT Football Shirt	MRP : â‚¹ 4 695	1 Colour	https://www.nike.com/in/t/brazil-2022-23-stadium-away-dri-fit-football-shirt-6ctwds/DN0678-433
68	Zion Sneaker School	T-Shirt	MRP : â‚¹ 2 195	2 Colours	https://www.nike.com/in/t/zion-sneaker-school-t-shirt-NXqdvf/DV5631-010
69	Nike	Men's Basketball T-Shirt	MRP : â‚¹ 1 795	1 Colour	https://www.nike.com/in/t/basketball-t-shirt-QXcPP7/DV1215-010
70	Netherlands 2022/23 Stadium Home	Men's Nike Dri-FIT Football Shirt	MRP : â‚¹ 4 695	1 Colour	https://www.nike.com/in/t/netherlands-2022-23-stadium-home-dri-fit-football-shirt-9kPfp4/DN0694-845
71	Nike Phenom Elite	Men's Woven Running Trousers	MRP : â‚¹ 4 295	1 Colour	https://www.nike.com/in/t/phenom-elite-woven-running-trousers-rgtqhP/CU5513-010
72	Jordan Jumpman	Men's Short-Sleeve T-Shirt	MRP : â‚¹ 1 595	4 Colours	https://www.nike.com/in/t/jordan-jumpman-short-sleeve-t-shirt-df6fwF/DC7485-493
73	Nike Everyday Crew	Basketball Socks (3 Pairs)	MRP : â‚¹ 1 095	2 Colours	https://www.nike.com/in/t/everyday-crew-basketball-socks-t6mW9X/DA2123-100
74	Nike Everyday Lightweight	Training Low Socks (3 Pairs)	MRP : â‚¹ 595	2 Colours	https://www.nike.com/in/t/everyday-lightweight-training-low-socks-kr00vR/SX7803-010
75	Jordan Flight Heritage '85	Men's T-Shirt	MRP : â‚¹ 2 695	1 Colour	https://www.nike.com/in/t/jordan-flight-heritage-85-t-shirt-tmrT4w/DM1444-010
76	Nike SB	Fleece Skate Hoodie	MRP : â‚¹ 5 495	1 Colour	https://www.nike.com/in/t/sb-fleece-skate-hoodie-1zd2hq/DQ7317-050
77	Nike ACG Storm-FIT ADV 'Cascade Rains'	Men's Full-Zip Shell Jacket	MRP : â‚¹ 9 995	1 Colour	https://www.nike.com/in/t/acg-adv-cascade-rains-shell-jacket-QGwXnF/DR5265-378
78	Nike Club+	Men's Unlined Woven Joggers	MRP : â‚¹ 4 295	1 Colour	https://www.nike.com/in/t/club-unlined-woven-joggers-W8wX6T/DQ4586-206
79	Nike	T-Shirt	MRP : â‚¹ 2 495	3 Colours	https://www.nike.com/in/t/t-shirt-JJS368/DV9403-100
80	Nike Sportswear	Men's Long-Sleeve T-Shirt	MRP : â‚¹ 2 695	2 Colours	https://www.nike.com/in/t/sportswear-long-sleeve-t-shirt-s102Fd/DX4225-010
81	Nike Sportswear	Men's Lined Flow Shorts	MRP : â‚¹ 2 895	3 Colours	https://www.nike.com/in/t/sportswear-lined-flow-shorts-Xp9Jbj/DZ4716-667
82	Jordan x Trophy Room	Men's Woven Jacket	MRP : â‚¹ 8 995	1 Colour	https://www.nike.com/in/t/jordan-trophy-room-woven-jacket-MGW7bZ/DR2954-410
83	Nike Dri-FIT Flex	Men's Yoga Trousers	MRP : â‚¹ 4 095	1 Colour	https://www.nike.com/in/t/dri-fit-flex-yoga-trousers-7KSpj2/DD2121-010
84	Nike Dri-FIT	Men's 3/4 Woven Team Training Trousers	MRP : â‚¹ 2 595	3 Colours	https://www.nike.com/in/t/dri-fit-3-4-woven-team-training-trousers-LP2rHB/DM6624-073
85	Nike Dri-FIT Run Division Pinnacle	Men's Short-Sleeve Running Top	MRP : â‚¹ 4 695	2 Colours	https://www.nike.com/in/t/dri-fit-run-division-pinnacle-short-sleeve-running-top-9Z7cdX/DQ6541-010
86	Nike Sportswear Air	Men's French Terry Shorts	MRP : â‚¹ 3 995	5 Colours	https://www.nike.com/in/t/sportswear-air-french-terry-shorts-5c9CV9/DQ4211-101
87	Nike Sportswear Circa	Men's Lined Jacket	MRP : â‚¹ 8 995	1 Colour	https://www.nike.com/in/t/sportswear-circa-lined-jacket-jRH17W/DQ4253-010
88	Jordan Dri-FIT Sport BC	Men's Diamond Shorts	MRP : â‚¹ 2 795	3 Colours	https://www.nike.com/in/t/jordan-dri-fit-sport-bc-diamond-shorts-T8lNXx/DQ7334-011
89	Tottenham Hotspur 2022/23 Stadium Away	Men's Nike Dri-FIT Football Shirt	MRP : â‚¹ 4 695	1 Colour	https://www.nike.com/in/t/tottenham-hotspur-2022-23-stadium-away-dri-fit-football-shirt-91f332/DM1837-431
90	Tiger Woods 'Frank'	Golf T-Shirt	MRP : â‚¹ 1 795	3 Colours	https://www.nike.com/in/t/tiger-woods-frank-golf-t-shirt-Xmm5l1/DV9304-010
91	Nike Dri-FIT Flex	Men's 9" (23cm approx.) Woven Camo Fitness Shorts	MRP : â‚¹ 2 495	2 Colours	https://www.nike.com/in/t/dri-fit-flex-9-woven-camo-fitness-shorts-3g0HSd/DQ4798-010
92	Nike Dri-FIT ADV A.P.S.	Men's Recovery Training Tights	MRP : â‚¹ 5 495	1 Colour	https://www.nike.com/in/t/dri-fit-adv-aps-recovery-training-tights-HfFZ0x/DR1891-068
93	Nike Dri-FIT DNA	Men's Basketball Shorts	MRP : â‚¹ 2 495	3 Colours	https://www.nike.com/in/t/dri-fit-dna-basketball-shorts-cXRgSQ/DH7161-410
94	Nike Sportswear Circa	Men's Lined Winterized Pullover Hoodie	MRP : â‚¹ 8 995	1 Colour	https://www.nike.com/in/t/sportswear-circa-lined-winterized-pullover-hoodie-s7GN2H/DQ4256-072
95	Nike F.C. Repel	Men's Woven Football Pants	MRP : â‚¹ 3 995	1 Colour	https://www.nike.com/in/t/fc-repel-woven-football-pants-3lQ47t/DQ5044-206
96	Nike Sportswear Max90	Men's T-Shirt	MRP : â‚¹ 2 195	2 Colours	https://www.nike.com/in/t/sportswear-max90-t-shirt-fbwPxv/DX1050-010
97	F.C. Barcelona 2022/23 Match Home	Men's Nike Dri-FIT ADV Football Shirt	MRP : â‚¹ 7 995	1 Colour	https://www.nike.com/in/t/fc-barcelona-2022-23-match-home-dri-fit-adv-football-shirt-s0QfG6/DJ7643-452
98	Nike Run Division Miler	Men's Flash Running Jacket	MRP : â‚¹ 6 495	1 Colour	https://www.nike.com/in/t/run-division-miler-flash-running-jacket-vNGRMq/DQ6488-010
99	Nike Dri-FIT Run Division Challenger	Men's 13cm (approx.) Brief-Lined Running Shorts	MRP : â‚¹ 2 495	2 Colours	https://www.nike.com/in/t/dri-fit-run-division-challenger-13cm-brief-lined-running-shorts-d8jgjZ/DM4808-016
100	Nike Sportswear Everyday Essential	Crew Socks (3 Pairs)	MRP : â‚¹ 995	3 Colours	https://www.nike.com/in/t/sportswear-everyday-essential-crew-socks-1dxMvC/DX5089-102
101	Nike Sportswear	Men's T-Shirt	MRP : â‚¹ 1 795	2 Colours	https://www.nike.com/in/t/sportswear-t-shirt-SVm4hj/DR7992-247
102	Nike Dri-FIT Run Division Challenger	Men's 13cm (approx.) Brief-Lined Running Shorts	MRP : â‚¹ 2 495	2 Colours	https://www.nike.com/in/t/dri-fit-run-division-challenger-13cm-brief-lined-running-shorts-XXB3xZ/DQ6501-652
103	LeBron	Men's Premium Utility Basketball Jacket	MRP : â‚¹ 15 995	1 Colour	https://www.nike.com/in/t/lebron-utility-basketball-jacket-JSxxb3/DQ6137-455
104	Nike Dri-FIT Phenom Elite	Men's Woven Running Trousers	MRP : â‚¹ 4 695	1 Colour	https://www.nike.com/in/t/dri-fit-phenom-elite-woven-running-trousers-zzl5HQ/DQ4746-010
105	Nike Sportswear Club+	Men's Unlined Woven Bomber Jacket	MRP : â‚¹ 5 495	1 Colour	https://www.nike.com/in/t/sportswear-club-unlined-woven-bomber-jacket-4csWdS/DQ4590-206
106	Nike ACG 'Snowgrass'	Men's Cargo Shorts	MRP : â‚¹ 6 295	4 Colours	https://www.nike.com/in/t/acg-snowgrass-cargo-shorts-1HTZKl/DN3946-258
107	Nike Pro Dri-FIT Flex Vent Max	Men's 21cm Training Shorts	MRP : â‚¹ 2 895	3 Colours	https://www.nike.com/in/t/pro-dri-fit-flex-vent-max-8-training-shorts-bj9c4N/DM5951-010
108	Jordan x Trophy Room	Men's Training Shorts	MRP : â‚¹ 3 695	1 Colour	https://www.nike.com/in/t/jordan-trophy-room-training-shorts-29SdPX/DX5647-410
109	Nike	Men's Basketball T-Shirt	MRP : â‚¹ 2 195	2 Colours	https://www.nike.com/in/t/basketball-t-shirt-4P02wg/DV9718-010
110	Paris Saint-Germain	Men's Printed Shorts	MRP : â‚¹ 2 795	1 Colour	https://www.nike.com/in/t/paris-saint-germain-printed-shorts-PwfpKW/DM3098-070
111	Nike Dri-FIT ADV AeroSwift	Men's 1/2-Length Racing Tights	MRP : â‚¹ 3 995	1 Colour	https://www.nike.com/in/t/dri-fit-adv-aeroswift-1-2-length-racing-tights-ZhTt3c/DM4623-010
112	Jordan x Shelflife	Men's T-Shirt	MRP : â‚¹ 2 895	2 Colours	https://www.nike.com/in/t/jordan-shelflife-t-shirt-1KNm8K/DV7000-819
113	Brazil	Men's Nike Dri-FIT Woven Football Shorts	MRP : â‚¹ 2 495	1 Colour	https://www.nike.com/in/t/brasil-dri-fit-woven-football-shorts-fXBN8p/DQ8617-433
114	Nike Dri-FIT	Men's Long-Sleeve Trail Running Crew	MRP : â‚¹ 2 495	1 Colour	https://www.nike.com/in/t/dri-fit-long-sleeve-trail-running-crew-NpFQGw/DV9382-113
115	Jordan x Eastside Golf	Men's Polo	MRP : â‚¹ 3 995	2 Colours	https://www.nike.com/in/launch/r/DV1892-100
116	Nike Dri-FIT	Men's Premium Basketball Jersey	MRP : â‚¹ 5 295	2 Colours	https://www.nike.com/in/t/dri-fit-basketball-jersey-JB5c4W/DQ6171-045
117	Nike Sportswear Tech Pack	Men's T-Shirt	MRP : â‚¹ 3 995	2 Colours	https://www.nike.com/in/t/sportswear-tech-pack-t-shirt-MWnMRb/DQ4301-247
118	Nike ACG	Men's T-Shirt	MRP : â‚¹ 2 195	2 Colours	https://www.nike.com/in/t/acg-t-shirt-pm1gPn/DQ1816-121
119	Air Jordan Wordmark	Men's Fleece Shorts	MRP : â‚¹ 3 995	5 Colours	https://www.nike.com/in/t/air-jordan-wordmark-fleece-shorts-2QpfNJ/DV6467-411
120	Milwaukee Bucks Courtside Max 90	Men's Nike NBA T-Shirt	MRP : â‚¹ 1 795	1 Colour	https://www.nike.com/in/t/milwaukee-bucks-courtside-max-90-nba-t-shirt-ZL1nw9/DR6304-100
121	Jordan	Everyday Crew Socks (3 pairs)	MRP : â‚¹ 1 295	3 Colours	https://www.nike.com/in/t/jordan-everyday-crew-socks-l9lmDn/DX9632-902
122	Nike Sportswear Somos Familia	Men's T-Shirt	MRP : â‚¹ 2 195	3 Colours	https://www.nike.com/in/t/sportswear-somos-familia-t-shirt-qtJFxr/DZ4697-100
123	Nike Dri-FIT UV Miler Run Division	Men's Short-Sleeve Graphic Running Top	MRP : â‚¹ 2 495	2 Colours	https://www.nike.com/in/t/dri-fit-uv-miler-run-division-short-sleeve-graphic-running-top-bRstbr/DQ6492-010
124	F.C. Barcelona 2022/23 Stadium Home	Men's Nike Dri-FIT Football Shirt	MRP : â‚¹ 4 695	1 Colour	https://www.nike.com/in/t/fc-barcelona-2022-23-stadium-home-dri-fit-football-shirt-HFV375/DM1840-452
125	Nike Elite Mid	Basketball Socks	MRP : â‚¹ 595	2 Colours	https://www.nike.com/in/t/elite-mid-basketball-socks-vhKxF5/SX7625-013
126	Nike Sportswear JDI	Men's T-Shirt	MRP : â‚¹ 1 495	1 Colour	https://www.nike.com/in/t/sportswear-jdi-t-shirt-fWxmBB/AR5007-011
127	Nike Dri-FIT Legend	Men's Graphic Training T-Shirt	MRP : â‚¹ 1 795	2 Colours	https://www.nike.com/in/t/dri-fit-legend-graphic-training-t-shirt-4Hxc0R/DM6284-010
128	Jordan	Everyday Ankle Socks (3 Pairs)	MRP : â‚¹ 1 295	2 Colours	https://www.nike.com/in/t/jordan-everyday-ankle-socks-PqW8xF/DX9655-010
129	Nike Dri-FIT Wild Run	Running T-Shirt	MRP : â‚¹ 1 795	2 Colours	https://www.nike.com/in/t/dri-fit-wild-run-running-t-shirt-BTcN2n/DM5436-010
130	Nike AeroSwift	Men's 5cm (approx.) Running Shorts	MRP : â‚¹ 3 695	2 Colours	https://www.nike.com/in/t/aeroswift-5cm-running-shorts-5bdgzt/CJ7838-804
131	Nike Dri-FIT D.Y.E.	Men's Knit Training Shorts	MRP : â‚¹ 2 495	2 Colours	https://www.nike.com/in/t/dri-fit-dye-knit-training-shorts-W6zCs3/DQ6678-369
132	FFF 2022/23 Stadium Home	Men's Nike Dri-FIT Football Shorts	MRP : â‚¹ 2 495	1 Colour	https://www.nike.com/in/t/fff-2022-23-stadium-home-dri-fit-football-shorts-NShFBN/DN0731-100
133	Paris Saint-Germain Strike	Men's Nike Dri-FIT Short-Sleeve Football Top	MRP : â‚¹ 2 495	1 Colour	https://www.nike.com/in/t/paris-saint-germain-strike-dri-fit-short-sleeve-football-top-FbJZFk/DJ8589-101
134	Nike Dri-FIT	Men's Fitness T-Shirt	MRP : â‚¹ 1 795	2 Colours	https://www.nike.com/in/t/dri-fit-fitness-t-shirt-2hPWmd/DX0980-063
135	Nike Dri-FIT	Men's Trail Running T-Shirt	MRP : â‚¹ 2 495	2 Colours	https://www.nike.com/in/t/dri-fit-trail-running-t-shirt-KtnDGS/DV9380-410
136	New Orleans Pelicans Icon Edition 2022/23	Nike Dri-FIT NBA Swingman Jersey	MRP : â‚¹ 5 995	1 Colour	https://www.nike.com/in/t/new-orleans-pelicans-icon-edition-2022-23-dri-fit-nba-swingman-jersey-rjf3d0/DN2014-419
137	Nike Sportswear	Men's T-Shirt	MRP : â‚¹ 1 795	1 Colour	https://www.nike.com/in/t/sportswear-t-shirt-xL1Jbh/DN5190-657
138	Nike Spark Lightweight	No-Show Running Socks	MRP : â‚¹ 895	1 Colour	https://www.nike.com/in/t/spark-lightweight-no-show-running-socks-898G3H/DA3589-010
139	Nike Dri-FIT Giannis	Men's Basketball Jersey	MRP : â‚¹ 3 195	2 Colours	https://www.nike.com/in/t/dri-fit-giannis-basketball-jersey-Vv2wF6/DQ5655-010
140	Nike Sportswear	Men's Lined Woven Shorts	MRP : â‚¹ 3 795	2 Colours	https://www.nike.com/in/t/sportswear-lined-woven-shorts-TQwn96/DM5282-365
141	Jordan Essentials	Men's Woven Trousers	MRP : â‚¹ 3 695	1 Colour	https://www.nike.com/in/t/jordan-essentials-woven-trousers-2NkzfV/DQ7509-206
142	Nike Sportswear Circa	Men's Lined Winterized Trousers	MRP : â‚¹ 7 695	1 Colour	https://www.nike.com/in/t/sportswear-circa-lined-winterized-trousers-bhFQ2B/DQ4258-072
143	Nike Dri-FIT Rise 365	Men's Running Tank	MRP : â‚¹ 2 495	2 Colours	https://www.nike.com/in/t/dri-fit-rise-365-running-tank-pr7gXM/CZ9180-010
144	Nike Dri-FIT F.C.	Men's Short-Sleeve Football Shirt	MRP : â‚¹ 3 595	2 Colours	https://www.nike.com/in/t/dri-fit-fc-short-sleeve-football-shirt-gBRq0g/DQ5046-639
145	Nike Therma-FIT ADV A.P.S.	Men's Fleece Fitness Trousers	MRP : â‚¹ 7 995	1 Colour	https://www.nike.com/in/t/adv-aps-fleece-fitness-trousers-rC3frl/DQ4849-326
146	Nike ACG	Men's Long-Sleeve T-Shirt	MRP : â‚¹ 3 095	1 Colour	https://www.nike.com/in/t/acg-long-sleeve-t-shirt-5lwqbW/DV9662-010
147	Jordan Dri-FIT Sport	Men's T-Shirt	MRP : â‚¹ 1 995	3 Colours	https://www.nike.com/in/t/jordan-dri-fit-sport-t-shirt-n3lwwm/DH8920-687
148	Nike Sportswear Tech Fleece	Men's Full-Zip Hoodie	MRP : â‚¹ 6 495	1 Colour	https://www.nike.com/in/t/sportswear-tech-fleece-hoodie-bxk5v8/CU4490-722
149	Nike Dri-FIT Run Division Rise 365	Men's Flash Short-Sleeve Running Top	MRP : â‚¹ 3 195	3 Colours	https://www.nike.com/in/t/dri-fit-run-division-rise-365-flash-short-sleeve-running-top-Vd1qcM/DQ6546-342
150	Nike Sportswear Solo Swoosh	Men's Tracksuit Bottoms	MRP : â‚¹ 7 195	1 Colour	https://www.nike.com/in/t/sportswear-solo-swoosh-tracksuit-bottoms-tr9q1H/DQ6572-010
151	Jordan Essentials	Men's Printed T-Shirt	MRP : â‚¹ 2 195	2 Colours	https://www.nike.com/in/t/jordan-essentials-printed-t-shirt-pTcRk2/DQ7368-322
152	Nike Dri-FIT Victory	Men's Long-Sleeve Golf Polo	MRP : â‚¹ 2 895	2 Colours	https://www.nike.com/in/t/dri-fit-victory-long-sleeve-golf-polo-DL65BK/DN2345-100
153	Jordan Dri-FIT Sport Air	Men's Statement Trousers	MRP : â‚¹ 4 495	2 Colours	https://www.nike.com/in/t/jordan-dri-fit-sport-air-statement-trousers-MkT23N/DQ7320-010
154	Milwaukee Bucks City Edition	Men's Nike NBA Logo T-Shirt	MRP : â‚¹ 1 795	1 Colour	https://www.nike.com/in/t/milwaukee-bucks-city-edition-nba-logo-t-shirt-kvrHfT/DV5957-063
155	Nike Dri-FIT ADV A.P.S.	Men's Fitness Shorts	MRP : â‚¹ 5 195	1 Colour	https://www.nike.com/in/t/dri-fit-adv-aps-fitness-shorts-qFzczx/DQ4817-010
156	Nike Dri-FIT Stride	Men's 7" (18cm approx.) Unlined Running Shorts	MRP : â‚¹ 2 895	1 Colour	https://www.nike.com/in/t/dri-fit-stride-18cm-running-shorts-XrSxQl/DM4742-010
157	Nike Dri-FIT Academy	Men's Short-Sleeve Football Top	MRP : â‚¹ 995	3 Colours	https://www.nike.com/in/t/dri-fit-academy-short-sleeve-football-top-t5jrmL/CW6102-010
158	Jordan Dri-FIT Sport	Men's Graphic T-Shirt	MRP : â‚¹ 2 195	1 Colour	https://www.nike.com/in/t/jordan-dri-fit-sport-graphic-t-shirt-VgHN8w/DM1430-010
159	Brazil	Men's Nike Voice T-Shirt	MRP : â‚¹ 1 595	1 Colour	https://www.nike.com/in/t/brazil-voice-t-shirt-ZfkTxX/DJ0384-490
160	Nike Dri-FIT Legend	Men's Sleeveless Fitness T-Shirt	MRP : â‚¹ 1 795	2 Colours	https://www.nike.com/in/t/dri-fit-legend-sleeveless-fitness-t-shirt-36SPM0/DX0974-121
161	NikeCourt Dri-FIT Victory	Men's 9" (23cm approx.) Tennis Shorts	MRP : â‚¹ 2 395	2 Colours	https://www.nike.com/in/t/nikecourt-dri-fit-victory-23cm-tennis-shorts-VcGQd1/CV2544-100
162	Liverpool F.C. 2022/23 Stadium Away	Men's Nike Dri-FIT Football Shirt	MRP : â‚¹ 4 695	1 Colour	https://www.nike.com/in/t/liverpool-fc-2022-23-stadium-away-dri-fit-football-shirt-59plqH/DN2715-101
163	Nike Dri-FIT D.Y.E.	Men's Fitness T-Shirt	MRP : â‚¹ 1 795	2 Colours	https://www.nike.com/in/t/dri-fit-dye-fitness-t-shirt-5KR3sp/DX0966-121
164	Nike Elite	NBA Crew Socks	MRP : â‚¹ 1 095	2 Colours	https://www.nike.com/in/t/elite-nba-crew-socks-nBqswW/SX7587-010
165	Milwaukee Bucks Courtside Max 90	Men's Nike NBA T-Shirt	MRP : â‚¹ 1 795	1 Colour	https://www.nike.com/in/t/milwaukee-bucks-courtside-max-90-nba-t-shirt-ZL1nw9/DR6304-100
166	Jordan	Everyday Crew Socks (3 pairs)	MRP : â‚¹ 1 295	3 Colours	https://www.nike.com/in/t/jordan-everyday-crew-socks-l9lmDn/DX9632-902
167	Nike Sportswear Somos Familia	Men's T-Shirt	MRP : â‚¹ 2 195	3 Colours	https://www.nike.com/in/t/sportswear-somos-familia-t-shirt-qtJFxr/DZ4697-847
168	Nike Dri-FIT UV Miler Run Division	Men's Short-Sleeve Graphic Running Top	MRP : â‚¹ 2 495	2 Colours	https://www.nike.com/in/t/dri-fit-uv-miler-run-division-short-sleeve-graphic-running-top-bRstbr/DQ6492-010
169	F.C. Barcelona 2022/23 Stadium Home	Men's Nike Dri-FIT Football Shirt	MRP : â‚¹ 4 695	1 Colour	https://www.nike.com/in/t/fc-barcelona-2022-23-stadium-home-dri-fit-football-shirt-HFV375/DM1840-452
170	Nike Elite Mid	Basketball Socks	MRP : â‚¹ 595	2 Colours	https://www.nike.com/in/t/elite-mid-basketball-socks-vhKxF5/SX7625-013
171	Nike Sportswear JDI	Men's T-Shirt	MRP : â‚¹ 1 495	1 Colour	https://www.nike.com/in/t/sportswear-jdi-t-shirt-fWxmBB/AR5007-011
172	Nike Dri-FIT Legend	Men's Graphic Training T-Shirt	MRP : â‚¹ 1 795	2 Colours	https://www.nike.com/in/t/dri-fit-legend-graphic-training-t-shirt-4Hxc0R/DM6284-010
173	Jordan	Everyday Ankle Socks (3 Pairs)	MRP : â‚¹ 1 295	2 Colours	https://www.nike.com/in/t/jordan-everyday-ankle-socks-PqW8xF/DX9655-010
174	Nike AeroSwift	Men's 5cm (approx.) Running Shorts	MRP : â‚¹ 3 695	2 Colours	https://www.nike.com/in/t/aeroswift-5cm-running-shorts-5bdgzt/CJ7838-804
175	Nike Dri-FIT D.Y.E.	Men's Knit Training Shorts	MRP : â‚¹ 2 495	2 Colours	https://www.nike.com/in/t/dri-fit-dye-knit-training-shorts-W6zCs3/DQ6678-369
176	FFF 2022/23 Stadium Home	Men's Nike Dri-FIT Football Shorts	MRP : â‚¹ 2 495	1 Colour	https://www.nike.com/in/t/fff-2022-23-stadium-home-dri-fit-football-shorts-NShFBN/DN0731-100
177	Paris Saint-Germain Strike	Men's Nike Dri-FIT Short-Sleeve Football Top	MRP : â‚¹ 2 495	1 Colour	https://www.nike.com/in/t/paris-saint-germain-strike-dri-fit-short-sleeve-football-top-FbJZFk/DJ8589-101
178	Nike Dri-FIT	Men's Fitness T-Shirt	MRP : â‚¹ 1 795	2 Colours	https://www.nike.com/in/t/dri-fit-fitness-t-shirt-2hPWmd/DX0980-063
179	Nike Dri-FIT	Men's Trail Running T-Shirt	MRP : â‚¹ 2 495	2 Colours	https://www.nike.com/in/t/dri-fit-trail-running-t-shirt-KtnDGS/DV9380-113
180	New Orleans Pelicans Icon Edition 2022/23	Nike Dri-FIT NBA Swingman Jersey	MRP : â‚¹ 5 995	1 Colour	https://www.nike.com/in/t/new-orleans-pelicans-icon-edition-2022-23-dri-fit-nba-swingman-jersey-rjf3d0/DN2014-419
181	Nike Sportswear	Men's T-Shirt	MRP : â‚¹ 1 795	1 Colour	https://www.nike.com/in/t/sportswear-t-shirt-xL1Jbh/DN5190-657
182	Nike Spark Lightweight	No-Show Running Socks	MRP : â‚¹ 895	1 Colour	https://www.nike.com/in/t/spark-lightweight-no-show-running-socks-898G3H/DA3589-010
183	Nike Dri-FIT Giannis	Men's Basketball Jersey	MRP : â‚¹ 3 195	2 Colours	https://www.nike.com/in/t/dri-fit-giannis-basketball-jersey-Vv2wF6/DQ5655-133
184	Nike Sportswear	Men's Lined Woven Shorts	MRP : â‚¹ 3 795	2 Colours	https://www.nike.com/in/t/sportswear-lined-woven-shorts-TQwn96/DM5282-365
185	Jordan Essentials	Men's Woven Trousers	MRP : â‚¹ 3 695	1 Colour	https://www.nike.com/in/t/jordan-essentials-woven-trousers-2NkzfV/DQ7509-206
186	Nike Sportswear Circa	Men's Lined Winterized Trousers	MRP : â‚¹ 7 695	1 Colour	https://www.nike.com/in/t/sportswear-circa-lined-winterized-trousers-bhFQ2B/DQ4258-072
187	Nike Dri-FIT Rise 365	Men's Running Tank	MRP : â‚¹ 2 495	2 Colours	https://www.nike.com/in/t/dri-fit-rise-365-running-tank-pr7gXM/CZ9180-010
188	NikeCourt Dri-FIT ADV Slam	Men's Tennis Polo	MRP : â‚¹ 4 995	1 Colour	https://www.nike.com/in/t/nikecourt-dri-fit-adv-slam-tennis-polo-BKxSr6/DN1819-638
189	Nike Yoga Therma-FIT	Men's Trousers	MRP : â‚¹ 3 095	1 Colour	https://www.nike.com/in/t/yoga-trousers-DnhWj5/DM7834-010
190	Nike Dri-FIT ADV Vapor	Men's Engineered Golf Polo	MRP : â‚¹ 3 295	3 Colours	https://www.nike.com/in/t/dri-fit-adv-vapor-engineered-golf-polo-1wjTG8/DN2244-580
191	Kevin Durant Nets	Men's Nike Dri-FIT NBA Jersey	MRP : â‚¹ 7 995	1 Colour	https://www.nike.com/in/t/kevin-durant-nets-dri-fit-nba-jersey-bxJchw/DH8057-010
192	Nike Sportswear Sport Essentials	Men's Woven Lined Flow Shorts	MRP : â‚¹ 2 495	9 Colours	https://www.nike.com/in/t/sportswear-sport-essentials-woven-lined-flow-shorts-rG2mXP/DM6830-334
193	Jordan x Eastside Golf	Men's T-Shirt	MRP : â‚¹ 2 695	2 Colours	https://www.nike.com/in/launch/r/DV1890-410
194	Nike Dri-FIT Run Division	Men's Running T-Shirt	MRP : â‚¹ 2 195	1 Colour	https://www.nike.com/in/t/dri-fit-run-division-running-t-shirt-qPVWR1/DV9387-010
195	Nike ACG	Men's Print Trail Shorts	MRP : â‚¹ 3 395	1 Colour	https://www.nike.com/in/t/acg-print-trail-shorts-8dfG89/DR5736-437
196	Nike Dri-FIT	Men's Basketball T-Shirt	MRP : â‚¹ 1 595	1 Colour	https://www.nike.com/in/t/dri-fit-basketball-t-shirt-hDKW1D/DN2985-010
197	Nike Stride D.Y.E.	Men's 18cm (approx.) Running Shorts	MRP : â‚¹ 3 395	1 Colour	https://www.nike.com/in/t/stride-dye-18cm-running-shorts-fnq25T/DQ4767-068
198	Nike Dri-FIT	Men's 9" (23cm approx.) Woven Graphic Fitness Shorts	MRP : â‚¹ 2 195	3 Colours	https://www.nike.com/in/t/dri-fit-9-woven-graphic-fitness-shorts-qgtX3W/DQ4800-010
199	LeBron	Men's Long-Sleeve Basketball T-Shirt	MRP : â‚¹ 2 495	2 Colours	https://www.nike.com/in/t/lebron-long-sleeve-basketball-t-shirt-f3Nbtt/DV9723-010
200	Nike Air	Men's T-Shirt	MRP : â‚¹ 1 795	1 Colour	https://www.nike.com/in/t/air-t-shirt-wMwbhK/DM6338-113
201	Nike Air	Men's Poly-Knit Jacket	MRP : â‚¹ 5 495	1 Colour	https://www.nike.com/in/t/air-poly-knit-jacket-Z91MFh/DQ4222-010
202	Jordan Nitro	Men's T-Shirt	MRP : â‚¹ 1 795	1 Colour	https://www.nike.com/in/t/jordan-nitro-t-shirt-JRzjst/FD0624-091
203	Nike SB	Woven Skate Long-Sleeve Button Down	MRP : â‚¹ 4 995	2 Colours	https://www.nike.com/in/t/sb-woven-skate-long-sleeve-button-down-VV6rM1/DQ6288-494
204	Brooklyn Nets Courtside	Men's Nike Dri-FIT NBA Shorts	MRP : â‚¹ 2 895	1 Colour	https://www.nike.com/in/t/brooklyn-nets-courtside-dri-fit-nba-shorts-46xDQ8/DN9130-010
205	Nike Air	Men's Long-Sleeve T-Shirt	MRP : â‚¹ 2 495	2 Colours	https://www.nike.com/in/t/air-long-sleeve-t-shirt-M9GRd0/DX1010-010
206	Nike AeroSwift	Men's 4"/10cm Running Shorts	MRP : â‚¹ 3 695	2 Colours	https://www.nike.com/in/t/aeroswift-4-running-shorts-zxb5KJ/CJ7841-804
207	Nike Sportswear	Men's Mesh Shorts	MRP : â‚¹ 3 695	2 Colours	https://www.nike.com/in/t/sportswear-mesh-shorts-4v8glb/DQ5000-010
208	Nike Sportswear	Men's T-Shirt	MRP : â‚¹ 1 795	2 Colours	https://www.nike.com/in/t/sportswear-t-shirt-Bmq2G6/DQ1052-100
209	Jordan Flight	Crew Basketball Socks	MRP : â‚¹ 895	2 Colours	https://www.nike.com/in/t/jordan-flight-crew-basketball-socks-ZJ9557/SX5854-101
210	Nike Dri-FIT Stride	Men's 13cm (approx.) Brief-Lined Running Shorts	MRP : â‚¹ 2 895	3 Colours	https://www.nike.com/in/t/dri-fit-stride-13cm-brief-lined-running-shorts-6zTzxr/DM4756-480
211	LeBron	Men's Pullover Hoodie	MRP : â‚¹ 5 495	1 Colour	https://www.nike.com/in/t/lebron-pullover-hoodie-KVKgxM/DQ6130-446
212	Nike Sportswear Premium Essentials	Men's Long-Sleeve T-Shirt	MRP : â‚¹ 2 695	2 Colours	https://www.nike.com/in/t/sportswear-essentials-long-sleeve-t-shirt-HVdNRM/DO7391-010
213	Nike Dri-FIT Miler	Men's Running Tank	MRP : â‚¹ 1 695	1 Colour	https://www.nike.com/in/t/dri-fit-miler-running-tank-JxzDzp/CU5983-010
214	Nike Sportswear	Men's Lined Woven Jacket	MRP : â‚¹ 6 495	1 Colour	https://www.nike.com/in/t/sportswear-lined-woven-jacket-dQWdpc/DM5286-407
215	LeBron	Men's Fleece Trousers	MRP : â‚¹ 4 295	2 Colours	https://www.nike.com/in/t/lebron-fleece-trousers-1gw37r/DQ6146-455
